table_schema,table_name,table_comment,column_name,ordinal_position,data_type,udt_name,character_maximum_length,numeric_precision,numeric_scale,datetime_precision,is_nullable,column_default,column_comment,identity_generation
auth,audit_log_entries,Auth: Audit trail for user actions.,instance_id,1,uuid,uuid,,,,,YES,,,
auth,audit_log_entries,Auth: Audit trail for user actions.,id,2,uuid,uuid,,,,,NO,,,
auth,audit_log_entries,Auth: Audit trail for user actions.,payload,3,json,json,,,,,YES,,,
auth,audit_log_entries,Auth: Audit trail for user actions.,created_at,4,timestamp with time zone,timestamptz,,,,6,YES,,,
auth,audit_log_entries,Auth: Audit trail for user actions.,ip_address,5,character varying,varchar,64,,,,NO,''::character varying,,
auth,flow_state,stores metadata for pkce logins,id,1,uuid,uuid,,,,,NO,,,
auth,flow_state,stores metadata for pkce logins,user_id,2,uuid,uuid,,,,,YES,,,
auth,flow_state,stores metadata for pkce logins,auth_code,3,text,text,,,,,NO,,,
auth,flow_state,stores metadata for pkce logins,code_challenge_method,4,USER-DEFINED,code_challenge_method,,,,,NO,,,
auth,flow_state,stores metadata for pkce logins,code_challenge,5,text,text,,,,,NO,,,
auth,flow_state,stores metadata for pkce logins,provider_type,6,text,text,,,,,NO,,,
auth,flow_state,stores metadata for pkce logins,provider_access_token,7,text,text,,,,,YES,,,
auth,flow_state,stores metadata for pkce logins,provider_refresh_token,8,text,text,,,,,YES,,,
auth,flow_state,stores metadata for pkce logins,created_at,9,timestamp with time zone,timestamptz,,,,6,YES,,,
auth,flow_state,stores metadata for pkce logins,updated_at,10,timestamp with time zone,timestamptz,,,,6,YES,,,
auth,flow_state,stores metadata for pkce logins,authentication_method,11,text,text,,,,,NO,,,
auth,flow_state,stores metadata for pkce logins,auth_code_issued_at,12,timestamp with time zone,timestamptz,,,,6,YES,,,
auth,identities,Auth: Stores identities associated to a user.,provider_id,1,text,text,,,,,NO,,,
auth,identities,Auth: Stores identities associated to a user.,user_id,2,uuid,uuid,,,,,NO,,,
auth,identities,Auth: Stores identities associated to a user.,identity_data,3,jsonb,jsonb,,,,,NO,,,
auth,identities,Auth: Stores identities associated to a user.,provider,4,text,text,,,,,NO,,,
auth,identities,Auth: Stores identities associated to a user.,last_sign_in_at,5,timestamp with time zone,timestamptz,,,,6,YES,,,
auth,identities,Auth: Stores identities associated to a user.,created_at,6,timestamp with time zone,timestamptz,,,,6,YES,,,
auth,identities,Auth: Stores identities associated to a user.,updated_at,7,timestamp with time zone,timestamptz,,,,6,YES,,,
auth,identities,Auth: Stores identities associated to a user.,email,8,text,text,,,,,YES,,Auth: Email is a generated column that references the optional email property in the identity_data,
auth,identities,Auth: Stores identities associated to a user.,id,9,uuid,uuid,,,,,NO,gen_random_uuid(),,
auth,instances,Auth: Manages users across multiple sites.,id,1,uuid,uuid,,,,,NO,,,
auth,instances,Auth: Manages users across multiple sites.,uuid,2,uuid,uuid,,,,,YES,,,
auth,instances,Auth: Manages users across multiple sites.,raw_base_config,3,text,text,,,,,YES,,,
auth,instances,Auth: Manages users across multiple sites.,created_at,4,timestamp with time zone,timestamptz,,,,6,YES,,,
auth,instances,Auth: Manages users across multiple sites.,updated_at,5,timestamp with time zone,timestamptz,,,,6,YES,,,
auth,mfa_amr_claims,auth: stores authenticator method reference claims for multi factor authentication,session_id,1,uuid,uuid,,,,,NO,,,
auth,mfa_amr_claims,auth: stores authenticator method reference claims for multi factor authentication,created_at,2,timestamp with time zone,timestamptz,,,,6,NO,,,
auth,mfa_amr_claims,auth: stores authenticator method reference claims for multi factor authentication,updated_at,3,timestamp with time zone,timestamptz,,,,6,NO,,,
auth,mfa_amr_claims,auth: stores authenticator method reference claims for multi factor authentication,authentication_method,4,text,text,,,,,NO,,,
auth,mfa_amr_claims,auth: stores authenticator method reference claims for multi factor authentication,id,5,uuid,uuid,,,,,NO,,,
auth,mfa_challenges,auth: stores metadata about challenge requests made,id,1,uuid,uuid,,,,,NO,,,
auth,mfa_challenges,auth: stores metadata about challenge requests made,factor_id,2,uuid,uuid,,,,,NO,,,
auth,mfa_challenges,auth: stores metadata about challenge requests made,created_at,3,timestamp with time zone,timestamptz,,,,6,NO,,,
auth,mfa_challenges,auth: stores metadata about challenge requests made,verified_at,4,timestamp with time zone,timestamptz,,,,6,YES,,,
auth,mfa_challenges,auth: stores metadata about challenge requests made,ip_address,5,inet,inet,,,,,NO,,,
auth,mfa_challenges,auth: stores metadata about challenge requests made,otp_code,6,text,text,,,,,YES,,,
auth,mfa_challenges,auth: stores metadata about challenge requests made,web_authn_session_data,7,jsonb,jsonb,,,,,YES,,,
auth,mfa_factors,auth: stores metadata about factors,id,1,uuid,uuid,,,,,NO,,,
auth,mfa_factors,auth: stores metadata about factors,user_id,2,uuid,uuid,,,,,NO,,,
auth,mfa_factors,auth: stores metadata about factors,friendly_name,3,text,text,,,,,YES,,,
auth,mfa_factors,auth: stores metadata about factors,factor_type,4,USER-DEFINED,factor_type,,,,,NO,,,
auth,mfa_factors,auth: stores metadata about factors,status,5,USER-DEFINED,factor_status,,,,,NO,,,
auth,mfa_factors,auth: stores metadata about factors,created_at,6,timestamp with time zone,timestamptz,,,,6,NO,,,
auth,mfa_factors,auth: stores metadata about factors,updated_at,7,timestamp with time zone,timestamptz,,,,6,NO,,,
auth,mfa_factors,auth: stores metadata about factors,secret,8,text,text,,,,,YES,,,
auth,mfa_factors,auth: stores metadata about factors,phone,9,text,text,,,,,YES,,,
auth,mfa_factors,auth: stores metadata about factors,last_challenged_at,10,timestamp with time zone,timestamptz,,,,6,YES,,,
auth,mfa_factors,auth: stores metadata about factors,web_authn_credential,11,jsonb,jsonb,,,,,YES,,,
auth,mfa_factors,auth: stores metadata about factors,web_authn_aaguid,12,uuid,uuid,,,,,YES,,,
auth,oauth_clients,,id,1,uuid,uuid,,,,,NO,,,
auth,oauth_clients,,client_id,2,text,text,,,,,NO,,,
auth,oauth_clients,,client_secret_hash,3,text,text,,,,,NO,,,
auth,oauth_clients,,registration_type,4,USER-DEFINED,oauth_registration_type,,,,,NO,,,
auth,oauth_clients,,redirect_uris,5,text,text,,,,,NO,,,
auth,oauth_clients,,grant_types,6,text,text,,,,,NO,,,
auth,oauth_clients,,client_name,7,text,text,,,,,YES,,,
auth,oauth_clients,,client_uri,8,text,text,,,,,YES,,,
auth,oauth_clients,,logo_uri,9,text,text,,,,,YES,,,
auth,oauth_clients,,created_at,10,timestamp with time zone,timestamptz,,,,6,NO,now(),,
auth,oauth_clients,,updated_at,11,timestamp with time zone,timestamptz,,,,6,NO,now(),,
auth,oauth_clients,,deleted_at,12,timestamp with time zone,timestamptz,,,,6,YES,,,
auth,one_time_tokens,,id,1,uuid,uuid,,,,,NO,,,
auth,one_time_tokens,,user_id,2,uuid,uuid,,,,,NO,,,
auth,one_time_tokens,,token_type,3,USER-DEFINED,one_time_token_type,,,,,NO,,,
auth,one_time_tokens,,token_hash,4,text,text,,,,,NO,,,
auth,one_time_tokens,,relates_to,5,text,text,,,,,NO,,,
auth,one_time_tokens,,created_at,6,timestamp without time zone,timestamp,,,,6,NO,now(),,
auth,one_time_tokens,,updated_at,7,timestamp without time zone,timestamp,,,,6,NO,now(),,
auth,refresh_tokens,Auth: Store of tokens used to refresh JWT tokens once they expire.,instance_id,1,uuid,uuid,,,,,YES,,,
auth,refresh_tokens,Auth: Store of tokens used to refresh JWT tokens once they expire.,id,2,bigint,int8,,64,0,,NO,nextval('auth.refresh_tokens_id_seq'::regclass),,
auth,refresh_tokens,Auth: Store of tokens used to refresh JWT tokens once they expire.,token,3,character varying,varchar,255,,,,YES,,,
auth,refresh_tokens,Auth: Store of tokens used to refresh JWT tokens once they expire.,user_id,4,character varying,varchar,255,,,,YES,,,
auth,refresh_tokens,Auth: Store of tokens used to refresh JWT tokens once they expire.,revoked,5,boolean,bool,,,,,YES,,,
auth,refresh_tokens,Auth: Store of tokens used to refresh JWT tokens once they expire.,created_at,6,timestamp with time zone,timestamptz,,,,6,YES,,,
auth,refresh_tokens,Auth: Store of tokens used to refresh JWT tokens once they expire.,updated_at,7,timestamp with time zone,timestamptz,,,,6,YES,,,
auth,refresh_tokens,Auth: Store of tokens used to refresh JWT tokens once they expire.,parent,8,character varying,varchar,255,,,,YES,,,
auth,refresh_tokens,Auth: Store of tokens used to refresh JWT tokens once they expire.,session_id,9,uuid,uuid,,,,,YES,,,
auth,saml_providers,Auth: Manages SAML Identity Provider connections.,id,1,uuid,uuid,,,,,NO,,,
auth,saml_providers,Auth: Manages SAML Identity Provider connections.,sso_provider_id,2,uuid,uuid,,,,,NO,,,
auth,saml_providers,Auth: Manages SAML Identity Provider connections.,entity_id,3,text,text,,,,,NO,,,
auth,saml_providers,Auth: Manages SAML Identity Provider connections.,metadata_xml,4,text,text,,,,,NO,,,
auth,saml_providers,Auth: Manages SAML Identity Provider connections.,metadata_url,5,text,text,,,,,YES,,,
auth,saml_providers,Auth: Manages SAML Identity Provider connections.,attribute_mapping,6,jsonb,jsonb,,,,,YES,,,
auth,saml_providers,Auth: Manages SAML Identity Provider connections.,created_at,7,timestamp with time zone,timestamptz,,,,6,YES,,,
auth,saml_providers,Auth: Manages SAML Identity Provider connections.,updated_at,8,timestamp with time zone,timestamptz,,,,6,YES,,,
auth,saml_providers,Auth: Manages SAML Identity Provider connections.,name_id_format,9,text,text,,,,,YES,,,
auth,saml_relay_states,Auth: Contains SAML Relay State information for each Service Provider initiated login.,id,1,uuid,uuid,,,,,NO,,,
auth,saml_relay_states,Auth: Contains SAML Relay State information for each Service Provider initiated login.,sso_provider_id,2,uuid,uuid,,,,,NO,,,
auth,saml_relay_states,Auth: Contains SAML Relay State information for each Service Provider initiated login.,request_id,3,text,text,,,,,NO,,,
auth,saml_relay_states,Auth: Contains SAML Relay State information for each Service Provider initiated login.,for_email,4,text,text,,,,,YES,,,
auth,saml_relay_states,Auth: Contains SAML Relay State information for each Service Provider initiated login.,redirect_to,5,text,text,,,,,YES,,,
auth,saml_relay_states,Auth: Contains SAML Relay State information for each Service Provider initiated login.,created_at,7,timestamp with time zone,timestamptz,,,,6,YES,,,
auth,saml_relay_states,Auth: Contains SAML Relay State information for each Service Provider initiated login.,updated_at,8,timestamp with time zone,timestamptz,,,,6,YES,,,
auth,saml_relay_states,Auth: Contains SAML Relay State information for each Service Provider initiated login.,flow_state_id,9,uuid,uuid,,,,,YES,,,
auth,schema_migrations,Auth: Manages updates to the auth system.,version,1,character varying,varchar,255,,,,NO,,,
auth,schema_migrations,Auth: Manages updates to the auth system.,version,1,character varying,varchar,255,,,,NO,,,
auth,schema_migrations,Auth: Manages updates to the auth system.,version,1,character varying,varchar,255,,,,NO,,,
auth,sessions,Auth: Stores session data associated to a user.,id,1,uuid,uuid,,,,,NO,,,
auth,sessions,Auth: Stores session data associated to a user.,user_id,2,uuid,uuid,,,,,NO,,,
auth,sessions,Auth: Stores session data associated to a user.,created_at,3,timestamp with time zone,timestamptz,,,,6,YES,,,
auth,sessions,Auth: Stores session data associated to a user.,updated_at,4,timestamp with time zone,timestamptz,,,,6,YES,,,
auth,sessions,Auth: Stores session data associated to a user.,factor_id,5,uuid,uuid,,,,,YES,,,
auth,sessions,Auth: Stores session data associated to a user.,aal,6,USER-DEFINED,aal_level,,,,,YES,,,
auth,sessions,Auth: Stores session data associated to a user.,not_after,7,timestamp with time zone,timestamptz,,,,6,YES,,Auth: Not after is a nullable column that contains a timestamp after which the session should be regarded as expired.,
auth,sessions,Auth: Stores session data associated to a user.,refreshed_at,8,timestamp without time zone,timestamp,,,,6,YES,,,
auth,sessions,Auth: Stores session data associated to a user.,user_agent,9,text,text,,,,,YES,,,
auth,sessions,Auth: Stores session data associated to a user.,ip,10,inet,inet,,,,,YES,,,
auth,sessions,Auth: Stores session data associated to a user.,tag,11,text,text,,,,,YES,,,
auth,sso_domains,Auth: Manages SSO email address domain mapping to an SSO Identity Provider.,id,1,uuid,uuid,,,,,NO,,,
auth,sso_domains,Auth: Manages SSO email address domain mapping to an SSO Identity Provider.,sso_provider_id,2,uuid,uuid,,,,,NO,,,
auth,sso_domains,Auth: Manages SSO email address domain mapping to an SSO Identity Provider.,domain,3,text,text,,,,,NO,,,
auth,sso_domains,Auth: Manages SSO email address domain mapping to an SSO Identity Provider.,created_at,4,timestamp with time zone,timestamptz,,,,6,YES,,,
auth,sso_domains,Auth: Manages SSO email address domain mapping to an SSO Identity Provider.,updated_at,5,timestamp with time zone,timestamptz,,,,6,YES,,,
auth,sso_providers,Auth: Manages SSO identity provider information; see saml_providers for SAML.,id,1,uuid,uuid,,,,,NO,,,
auth,sso_providers,Auth: Manages SSO identity provider information; see saml_providers for SAML.,resource_id,2,text,text,,,,,YES,,"Auth: Uniquely identifies a SSO provider according to a user-chosen resource ID (case insensitive), useful in infrastructure as code.",
auth,sso_providers,Auth: Manages SSO identity provider information; see saml_providers for SAML.,created_at,3,timestamp with time zone,timestamptz,,,,6,YES,,,
auth,sso_providers,Auth: Manages SSO identity provider information; see saml_providers for SAML.,updated_at,4,timestamp with time zone,timestamptz,,,,6,YES,,,
auth,sso_providers,Auth: Manages SSO identity provider information; see saml_providers for SAML.,disabled,5,boolean,bool,,,,,YES,,,
auth,users,Auth: Stores user login data within a secure schema.,instance_id,1,uuid,uuid,,,,,YES,,,
auth,users,Auth: Stores user login data within a secure schema.,id,2,uuid,uuid,,,,,NO,,,
auth,users,Auth: Stores user login data within a secure schema.,aud,3,character varying,varchar,255,,,,YES,,,
auth,users,Auth: Stores user login data within a secure schema.,role,4,character varying,varchar,255,,,,YES,,,
auth,users,Auth: Stores user login data within a secure schema.,email,5,character varying,varchar,255,,,,YES,,,
auth,users,Auth: Stores user login data within a secure schema.,encrypted_password,6,character varying,varchar,255,,,,YES,,,
auth,users,Auth: Stores user login data within a secure schema.,email_confirmed_at,7,timestamp with time zone,timestamptz,,,,6,YES,,,
auth,users,Auth: Stores user login data within a secure schema.,invited_at,8,timestamp with time zone,timestamptz,,,,6,YES,,,
auth,users,Auth: Stores user login data within a secure schema.,confirmation_token,9,character varying,varchar,255,,,,YES,,,
auth,users,Auth: Stores user login data within a secure schema.,confirmation_sent_at,10,timestamp with time zone,timestamptz,,,,6,YES,,,
auth,users,Auth: Stores user login data within a secure schema.,recovery_token,11,character varying,varchar,255,,,,YES,,,
auth,users,Auth: Stores user login data within a secure schema.,recovery_sent_at,12,timestamp with time zone,timestamptz,,,,6,YES,,,
auth,users,Auth: Stores user login data within a secure schema.,email_change_token_new,13,character varying,varchar,255,,,,YES,,,
auth,users,Auth: Stores user login data within a secure schema.,email_change,14,character varying,varchar,255,,,,YES,,,
auth,users,Auth: Stores user login data within a secure schema.,email_change_sent_at,15,timestamp with time zone,timestamptz,,,,6,YES,,,
auth,users,Auth: Stores user login data within a secure schema.,last_sign_in_at,16,timestamp with time zone,timestamptz,,,,6,YES,,,
auth,users,Auth: Stores user login data within a secure schema.,raw_app_meta_data,17,jsonb,jsonb,,,,,YES,,,
auth,users,Auth: Stores user login data within a secure schema.,raw_user_meta_data,18,jsonb,jsonb,,,,,YES,,,
auth,users,Auth: Stores user login data within a secure schema.,is_super_admin,19,boolean,bool,,,,,YES,,,
auth,users,Auth: Stores user login data within a secure schema.,created_at,20,timestamp with time zone,timestamptz,,,,6,YES,,,
auth,users,Auth: Stores user login data within a secure schema.,updated_at,21,timestamp with time zone,timestamptz,,,,6,YES,,,
auth,users,Auth: Stores user login data within a secure schema.,phone,22,text,text,,,,,YES,NULL::character varying,,
auth,users,Auth: Stores user login data within a secure schema.,phone_confirmed_at,23,timestamp with time zone,timestamptz,,,,6,YES,,,
auth,users,Auth: Stores user login data within a secure schema.,phone_change,24,text,text,,,,,YES,''::character varying,,
auth,users,Auth: Stores user login data within a secure schema.,phone_change_token,25,character varying,varchar,255,,,,YES,''::character varying,,
auth,users,Auth: Stores user login data within a secure schema.,phone_change_sent_at,26,timestamp with time zone,timestamptz,,,,6,YES,,,
auth,users,Auth: Stores user login data within a secure schema.,confirmed_at,27,timestamp with time zone,timestamptz,,,,6,YES,,,
auth,users,Auth: Stores user login data within a secure schema.,email_change_token_current,28,character varying,varchar,255,,,,YES,''::character varying,,
auth,users,Auth: Stores user login data within a secure schema.,email_change_confirm_status,29,smallint,int2,,16,0,,YES,0,,
auth,users,Auth: Stores user login data within a secure schema.,banned_until,30,timestamp with time zone,timestamptz,,,,6,YES,,,
auth,users,Auth: Stores user login data within a secure schema.,reauthentication_token,31,character varying,varchar,255,,,,YES,''::character varying,,
auth,users,Auth: Stores user login data within a secure schema.,reauthentication_sent_at,32,timestamp with time zone,timestamptz,,,,6,YES,,,
auth,users,Auth: Stores user login data within a secure schema.,is_sso_user,33,boolean,bool,,,,,NO,false,Auth: Set this column to true when the account comes from SSO. These accounts can have duplicate emails.,
auth,users,Auth: Stores user login data within a secure schema.,deleted_at,34,timestamp with time zone,timestamptz,,,,6,YES,,,
auth,users,Auth: Stores user login data within a secure schema.,is_anonymous,35,boolean,bool,,,,,NO,false,,
public,agreements,,id,1,uuid,uuid,,,,,NO,gen_random_uuid(),,
public,agreements,,request_id,2,uuid,uuid,,,,,NO,,,
public,agreements,,professional_id,3,uuid,uuid,,,,,NO,,,
public,agreements,,amount,4,numeric,numeric,,,,,YES,,,
public,agreements,,status,5,text,text,,,,,YES,'negotiating'::text,,
public,agreements,,created_at,6,timestamp with time zone,timestamptz,,,,6,YES,now(),,
public,agreements,,updated_at,7,timestamp with time zone,timestamptz,,,,6,YES,now(),,
public,applications,,id,1,uuid,uuid,,,,,NO,gen_random_uuid(),,
public,applications,,request_id,2,uuid,uuid,,,,,YES,,,
public,applications,,professional_id,3,uuid,uuid,,,,,YES,,,
public,applications,,cover_letter,4,text,text,,,,,YES,,,
public,applications,,proposed_budget,5,numeric,numeric,,12,2,,YES,,,
public,applications,,status,6,text,text,,,,,NO,'pending'::text,,
public,applications,,created_at,7,timestamp with time zone,timestamptz,,,,6,YES,now(),,
public,applications,,updated_at,8,timestamp with time zone,timestamptz,,,,6,NO,now(),,
public,categories_subcategories,,Categoría,1,text,text,,,,,NO,,,
public,categories_subcategories,,Subcategoría,2,text,text,,,,,NO,,,
public,categories_subcategories,,Descripción,3,text,text,,,,,YES,,,
public,categories_subcategories,,Activa,4,text,text,,,,,YES,,,
public,categories_subcategories,,Ícono,5,text,text,,,,,YES,,,
public,categories_subcategories,,Tipo de servicio,6,text,text,,,,,YES,,,
public,categories_subcategories,,Nivel de especialización,7,text,text,,,,,YES,,,
public,conversations,,id,1,uuid,uuid,,,,,NO,gen_random_uuid(),,
public,conversations,,request_id,2,uuid,uuid,,,,,NO,,,
public,conversations,,customer_id,3,uuid,uuid,,,,,NO,,,
public,conversations,,pro_id,4,uuid,uuid,,,,,NO,,,
public,conversations,,last_message_at,5,timestamp with time zone,timestamptz,,,,6,YES,now(),,
public,conversations,,created_at,6,timestamp with time zone,timestamptz,,,,6,YES,now(),,
public,messages,,id,1,uuid,uuid,,,,,NO,gen_random_uuid(),,
public,messages,,id,1,uuid,uuid,,,,,NO,gen_random_uuid(),,
public,messages,,request_id,2,uuid,uuid,,,,,YES,,,
public,messages,,request_id,2,uuid,uuid,,,,,YES,,,
public,messages,,sender_id,3,uuid,uuid,,,,,NO,,,
public,messages,,sender_id,3,uuid,uuid,,,,,NO,,,
public,messages,,recipient_id,4,uuid,uuid,,,,,YES,,,
public,messages,,recipient_id,4,uuid,uuid,,,,,YES,,,
public,messages,,text,5,text,text,,,,,YES,,,
public,messages,,text,5,text,text,,,,,YES,,,
public,messages,,conversation_id,6,uuid,uuid,,,,,YES,,,
public,messages,,conversation_id,6,uuid,uuid,,,,,YES,,,
public,messages,,body,7,text,text,,,,,YES,,,
public,messages,,body,7,text,text,,,,,YES,,,
public,messages,,read_by,8,jsonb,jsonb,,,,,NO,'[]'::jsonb,,
public,messages,,read_by,8,jsonb,jsonb,,,,,NO,'[]'::jsonb,,
public,messages,,created_at,9,timestamp with time zone,timestamptz,,,,6,YES,now(),,
public,messages,,created_at,9,timestamp with time zone,timestamptz,,,,6,YES,now(),,
public,messages,,message_type,10,text,text,,,,,NO,'text'::text,,
public,messages,,message_type,10,text,text,,,,,NO,'text'::text,,
public,messages,,payload,11,jsonb,jsonb,,,,,NO,'{}'::jsonb,,
public,messages,,payload,11,jsonb,jsonb,,,,,NO,'{}'::jsonb,,
public,offers,,id,1,uuid,uuid,,,,,NO,gen_random_uuid(),,
public,offers,,conversation_id,2,uuid,uuid,,,,,NO,,,
public,offers,,client_id,3,uuid,uuid,,,,,NO,,,
public,offers,,professional_id,4,uuid,uuid,,,,,NO,,,
public,offers,,title,5,text,text,,,,,NO,,,
public,offers,,description,6,text,text,,,,,YES,,,
public,offers,,service_date,7,timestamp with time zone,timestamptz,,,,6,YES,,,
public,offers,,currency,8,text,text,,,,,NO,'MXN'::text,,
public,offers,,amount,9,numeric,numeric,,12,2,,NO,,,
public,offers,,status,10,USER-DEFINED,offer_status,,,,,NO,'sent'::offer_status,,
public,offers,,reject_reason,11,text,text,,,,,YES,,,
public,offers,,checkout_url,12,text,text,,,,,YES,,,
public,offers,,payment_intent_id,13,text,text,,,,,YES,,,
public,offers,,metadata,14,jsonb,jsonb,,,,,NO,'{}'::jsonb,,
public,offers,,created_at,15,timestamp with time zone,timestamptz,,,,6,NO,now(),,
public,offers,,created_by,16,uuid,uuid,,,,,NO,,,
public,offers,,updated_at,17,timestamp with time zone,timestamptz,,,,6,NO,now(),,
public,pro_applications,,id,1,uuid,uuid,,,,,NO,gen_random_uuid(),,
public,pro_applications,,user_id,2,uuid,uuid,,,,,NO,,,
public,pro_applications,,full_name,3,text,text,,,,,NO,,,
public,pro_applications,,phone,4,text,text,,,,,NO,,,
public,pro_applications,,email,5,text,text,,,,,NO,,,
public,pro_applications,,services_desc,6,text,text,,,,,NO,,,
public,pro_applications,,cities,7,jsonb,jsonb,,,,,NO,,,
public,pro_applications,,categories,8,jsonb,jsonb,,,,,NO,,,
public,pro_applications,,years_experience,9,integer,int4,,32,0,,NO,,,
public,pro_applications,,refs,10,jsonb,jsonb,,,,,NO,,,
public,pro_applications,,uploads,11,jsonb,jsonb,,,,,NO,,,
public,pro_applications,,status,12,text,text,,,,,NO,'pending'::text,,
public,pro_applications,,created_at,13,timestamp with time zone,timestamptz,,,,6,NO,now(),,
public,pro_applications,,updated_at,14,timestamp with time zone,timestamptz,,,,6,YES,,,
public,pro_applications,,empresa,15,boolean,bool,,,,,YES,false,,
public,professionals,,id,1,uuid,uuid,,,,,NO,gen_random_uuid(),,
public,professionals,,profile_id,2,uuid,uuid,,,,,YES,,,
public,professionals,,headline,3,text,text,,,,,YES,,,
public,professionals,,skills,4,ARRAY,_text,,,,,NO,'{}'::text[],,
public,professionals,,rating,5,numeric,numeric,,3,2,,YES,,,
public,professionals,,is_featured,6,boolean,bool,,,,,YES,false,,
public,professionals,,created_at,7,timestamp with time zone,timestamptz,,,,6,YES,now(),,
public,professionals,,updated_at,8,timestamp with time zone,timestamptz,,,,6,NO,now(),,
public,professionals,,active,9,boolean,bool,,,,,YES,true,,
public,professionals,,full_name,10,text,text,,,,,YES,,,
public,professionals,,avatar_url,11,text,text,,,,,YES,,,
public,professionals,,bio,12,text,text,,,,,YES,,,
public,professionals,,years_experience,13,integer,int4,,32,0,,YES,,,
public,professionals,,city,14,text,text,,,,,YES,,,
public,professionals,,cities,15,jsonb,jsonb,,,,,YES,'[]'::jsonb,,
public,professionals,,categories,16,jsonb,jsonb,,,,,YES,'[]'::jsonb,,
public,professionals,,subcategories,17,jsonb,jsonb,,,,,YES,'[]'::jsonb,,
public,professionals,,last_active_at,18,timestamp with time zone,timestamptz,,,,6,YES,,,
public,professionals,,empresa,19,boolean,bool,,,,,YES,false,,
public,profiles,,id,1,uuid,uuid,,,,,NO,gen_random_uuid(),,
public,profiles,,email,2,text,text,,,,,YES,,,
public,profiles,,name,3,text,text,,,,,YES,,,
public,profiles,,role,4,text,text,,,,,YES,,,
public,profiles,,created_at,5,timestamp with time zone,timestamptz,,,,6,YES,now(),,
public,profiles,,updated_at,6,timestamp with time zone,timestamptz,,,,6,NO,now(),,
public,profiles,,full_name,7,text,text,,,,,YES,,,
public,profiles,,avatar_url,8,text,text,,,,,YES,,,
public,profiles,,headline,9,text,text,,,,,YES,,,
public,profiles,,bio,10,text,text,,,,,YES,,,
public,profiles,,years_experience,11,integer,int4,,32,0,,YES,,,
public,profiles,,rating,12,numeric,numeric,,,,,YES,,,
public,profiles,,is_featured,13,boolean,bool,,,,,YES,false,,
public,profiles,,active,14,boolean,bool,,,,,YES,true,,
public,profiles,,city,15,text,text,,,,,YES,,,
public,profiles,,cities,16,jsonb,jsonb,,,,,YES,'[]'::jsonb,,
public,profiles,,categories,17,jsonb,jsonb,,,,,YES,'[]'::jsonb,,
public,profiles,,subcategories,18,jsonb,jsonb,,,,,YES,'[]'::jsonb,,
public,profiles,,last_active_at,19,timestamp with time zone,timestamptz,,,,6,YES,now(),,
public,profiles,,is_client_pro,20,boolean,bool,,,,,YES,false,,
public,profiles,,is_admin,21,boolean,bool,,,,,YES,false,,
public,ratings,,id,1,uuid,uuid,,,,,NO,gen_random_uuid(),,
public,ratings,,request_id,2,uuid,uuid,,,,,NO,,,
public,ratings,,from_user_id,3,uuid,uuid,,,,,NO,,,
public,ratings,,to_user_id,4,uuid,uuid,,,,,NO,,,
public,ratings,,stars,5,integer,int4,,32,0,,NO,,,
public,ratings,,comment,6,text,text,,,,,YES,,,
public,ratings,,created_at,7,timestamp with time zone,timestamptz,,,,6,YES,now(),,
public,requests,,id,1,uuid,uuid,,,,,NO,gen_random_uuid(),,
public,requests,,title,2,text,text,,,,,NO,,,
public,requests,,description,3,text,text,,,,,YES,,,
public,requests,,city,4,text,text,,,,,YES,,,
public,requests,,category,5,text,text,,,,,YES,,,
public,requests,,subcategory,6,text,text,,,,,YES,,,
public,requests,,budget,7,numeric,numeric,,,,,YES,,,
public,requests,,required_at,8,timestamp with time zone,timestamptz,,,,6,YES,,,
public,requests,,status,9,text,text,,,,,NO,'active'::text,,
public,requests,,created_by,10,uuid,uuid,,,,,YES,,,
public,requests,,created_at,11,timestamp with time zone,timestamptz,,,,6,YES,now(),,
public,requests,,updated_at,12,timestamp with time zone,timestamptz,,,,6,NO,now(),,
public,requests,,subcategories,13,jsonb,jsonb,,,,,YES,'[]'::jsonb,"Array JSON con subcategorías (ej. [""Plomería"", {""name"":""Instalación""}])",
public,requests,,attachments,14,jsonb,jsonb,,,,,YES,'[]'::jsonb,"Array JSON con adjuntos (url|path, mime, size)",
public,service_photos,,id,1,uuid,uuid,,,,,NO,gen_random_uuid(),,
public,service_photos,,offer_id,2,uuid,uuid,,,,,NO,,,
public,service_photos,,request_id,3,uuid,uuid,,,,,NO,,,
public,service_photos,,professional_id,4,uuid,uuid,,,,,NO,,,
public,service_photos,,image_url,5,text,text,,,,,NO,,,
public,service_photos,,uploaded_at,6,timestamp with time zone,timestamptz,,,,6,YES,now(),,
public,user_notifications,,id,1,uuid,uuid,,,,,NO,gen_random_uuid(),,
public,user_notifications,,user_id,2,uuid,uuid,,,,,NO,,,
public,user_notifications,,type,3,text,text,,,,,NO,,,
public,user_notifications,,title,4,text,text,,,,,NO,,,
public,user_notifications,,body,5,text,text,,,,,YES,,,
public,user_notifications,,link,6,text,text,,,,,YES,,,
public,user_notifications,,read_at,7,timestamp with time zone,timestamptz,,,,6,YES,,,
public,user_notifications,,created_at,8,timestamp with time zone,timestamptz,,,,6,YES,now(),,
storage,buckets,,id,1,text,text,,,,,NO,,,
storage,buckets,,name,2,text,text,,,,,NO,,,
storage,buckets,,owner,3,uuid,uuid,,,,,YES,,"Field is deprecated, use owner_id instead",
storage,buckets,,created_at,4,timestamp with time zone,timestamptz,,,,6,YES,now(),,
storage,buckets,,updated_at,5,timestamp with time zone,timestamptz,,,,6,YES,now(),,
storage,buckets,,public,6,boolean,bool,,,,,YES,false,,
storage,buckets,,avif_autodetection,7,boolean,bool,,,,,YES,false,,
storage,buckets,,file_size_limit,8,bigint,int8,,64,0,,YES,,,
storage,buckets,,allowed_mime_types,9,ARRAY,_text,,,,,YES,,,
storage,buckets,,owner_id,10,text,text,,,,,YES,,,
storage,buckets,,type,11,USER-DEFINED,buckettype,,,,,NO,'STANDARD'::storage.buckettype,,
storage,buckets_analytics,,id,1,text,text,,,,,NO,,,
storage,buckets_analytics,,type,2,USER-DEFINED,buckettype,,,,,NO,'ANALYTICS'::storage.buckettype,,
storage,buckets_analytics,,format,3,text,text,,,,,NO,'ICEBERG'::text,,
storage,buckets_analytics,,created_at,4,timestamp with time zone,timestamptz,,,,6,NO,now(),,
storage,buckets_analytics,,updated_at,5,timestamp with time zone,timestamptz,,,,6,NO,now(),,
storage,migrations,,id,1,integer,int4,,32,0,,NO,,,
storage,migrations,,name,2,character varying,varchar,100,,,,NO,,,
storage,migrations,,hash,3,character varying,varchar,40,,,,NO,,,
storage,migrations,,executed_at,4,timestamp without time zone,timestamp,,,,6,YES,CURRENT_TIMESTAMP,,
storage,objects,,id,1,uuid,uuid,,,,,NO,gen_random_uuid(),,
storage,objects,,bucket_id,2,text,text,,,,,YES,,,
storage,objects,,name,3,text,text,,,,,YES,,,
storage,objects,,owner,4,uuid,uuid,,,,,YES,,"Field is deprecated, use owner_id instead",
storage,objects,,created_at,5,timestamp with time zone,timestamptz,,,,6,YES,now(),,
storage,objects,,updated_at,6,timestamp with time zone,timestamptz,,,,6,YES,now(),,
storage,objects,,last_accessed_at,7,timestamp with time zone,timestamptz,,,,6,YES,now(),,
storage,objects,,metadata,8,jsonb,jsonb,,,,,YES,,,
storage,objects,,path_tokens,9,ARRAY,_text,,,,,YES,,,
storage,objects,,version,10,text,text,,,,,YES,,,
storage,objects,,owner_id,11,text,text,,,,,YES,,,
storage,objects,,user_metadata,12,jsonb,jsonb,,,,,YES,,,
storage,objects,,level,13,integer,int4,,32,0,,YES,,,
storage,prefixes,,bucket_id,1,text,text,,,,,NO,,,
storage,prefixes,,name,2,text,text,,,,,NO,,,
storage,prefixes,,level,3,integer,int4,,32,0,,NO,,,
storage,prefixes,,created_at,4,timestamp with time zone,timestamptz,,,,6,YES,now(),,
storage,prefixes,,updated_at,5,timestamp with time zone,timestamptz,,,,6,YES,now(),,
storage,s3_multipart_uploads,,id,1,text,text,,,,,NO,,,
storage,s3_multipart_uploads,,in_progress_size,2,bigint,int8,,64,0,,NO,0,,
storage,s3_multipart_uploads,,upload_signature,3,text,text,,,,,NO,,,
storage,s3_multipart_uploads,,bucket_id,4,text,text,,,,,NO,,,
storage,s3_multipart_uploads,,key,5,text,text,,,,,NO,,,
storage,s3_multipart_uploads,,version,6,text,text,,,,,NO,,,
storage,s3_multipart_uploads,,owner_id,7,text,text,,,,,YES,,,
storage,s3_multipart_uploads,,created_at,8,timestamp with time zone,timestamptz,,,,6,NO,now(),,
storage,s3_multipart_uploads,,user_metadata,9,jsonb,jsonb,,,,,YES,,,
storage,s3_multipart_uploads_parts,,id,1,uuid,uuid,,,,,NO,gen_random_uuid(),,
storage,s3_multipart_uploads_parts,,upload_id,2,text,text,,,,,NO,,,
storage,s3_multipart_uploads_parts,,size,3,bigint,int8,,64,0,,NO,0,,
storage,s3_multipart_uploads_parts,,part_number,4,integer,int4,,32,0,,NO,,,
storage,s3_multipart_uploads_parts,,bucket_id,5,text,text,,,,,NO,,,
storage,s3_multipart_uploads_parts,,key,6,text,text,,,,,NO,,,
storage,s3_multipart_uploads_parts,,etag,7,text,text,,,,,NO,,,
storage,s3_multipart_uploads_parts,,owner_id,8,text,text,,,,,YES,,,
storage,s3_multipart_uploads_parts,,version,9,text,text,,,,,NO,,,
storage,s3_multipart_uploads_parts,,created_at,10,timestamp with time zone,timestamptz,,,,6,NO,now(),,
